danceability,energy,key,loudness,mode,speechiness,acousticness,instrumentalness,liveness,valence,tempo,type,id,uri,track_href,analysis_url,duration_ms,time_signature
0.398,0.629,11,-6.249,1,0.0309,0.137,1.12e-05,0.109,0.345,141.866,audio_features,41kUupAzNt7hy1BEbPkp0P,spotify:track:41kUupAzNt7hy1BEbPkp0P,https://api.spotify.com/v1/tracks/41kUupAzNt7hy1BEbPkp0P,https://api.spotify.com/v1/audio-analysis/41kUupAzNt7hy1BEbPkp0P,285507,4
0.578,0.579,9,-2.951,0,0.141,0.855,0.0,0.201,0.599,78.544,audio_features,74giZwNMPKn0r537TEHHXj,spotify:track:74giZwNMPKn0r537TEHHXj,https://api.spotify.com/v1/tracks/74giZwNMPKn0r537TEHHXj,https://api.spotify.com/v1/audio-analysis/74giZwNMPKn0r537TEHHXj,113493,4
0.279,0.12,4,-11.037,1,0.039,0.914,0.0,0.247,0.512,101.088,audio_features,1SX8HSsHC08dO0sZdi9H7A,spotify:track:1SX8HSsHC08dO0sZdi9H7A,https://api.spotify.com/v1/tracks/1SX8HSsHC08dO0sZdi9H7A,https://api.spotify.com/v1/audio-analysis/1SX8HSsHC08dO0sZdi9H7A,96093,4
0.633,0.238,5,-12.44,1,0.0364,0.694,1.41e-05,0.106,0.474,108.956,audio_features,54HSw1PF0ZWP9ITBBo68F1,spotify:track:54HSw1PF0ZWP9ITBBo68F1,https://api.spotify.com/v1/tracks/54HSw1PF0ZWP9ITBBo68F1,https://api.spotify.com/v1/audio-analysis/54HSw1PF0ZWP9ITBBo68F1,267268,4
0.263,0.459,7,-7.895,1,0.0296,0.0719,0.827,0.187,0.391,98.728,audio_features,2fPXGuRNuiZ5bnShU3ZhPa,spotify:track:2fPXGuRNuiZ5bnShU3ZhPa,https://api.spotify.com/v1/tracks/2fPXGuRNuiZ5bnShU3ZhPa,https://api.spotify.com/v1/audio-analysis/2fPXGuRNuiZ5bnShU3ZhPa,231680,3
0.594,0.976,7,-4.225,1,0.117,0.0841,0.0,0.273,0.693,145.131,audio_features,1neQivTH5WmV06lMkSXcb6,spotify:track:1neQivTH5WmV06lMkSXcb6,https://api.spotify.com/v1/tracks/1neQivTH5WmV06lMkSXcb6,https://api.spotify.com/v1/audio-analysis/1neQivTH5WmV06lMkSXcb6,155909,4
0.639,0.796,2,-4.158,1,0.0741,0.449,0.122,0.0436,0.709,135.192,audio_features,3Msw7kxI71LXFK6Fhjljjc,spotify:track:3Msw7kxI71LXFK6Fhjljjc,https://api.spotify.com/v1/tracks/3Msw7kxI71LXFK6Fhjljjc,https://api.spotify.com/v1/audio-analysis/3Msw7kxI71LXFK6Fhjljjc,184107,4
0.575,0.829,7,-6.911,1,0.0489,0.627,0.0,0.112,0.962,171.985,audio_features,5obDxeGvcWPyruiCUZkywo,spotify:track:5obDxeGvcWPyruiCUZkywo,https://api.spotify.com/v1/tracks/5obDxeGvcWPyruiCUZkywo,https://api.spotify.com/v1/audio-analysis/5obDxeGvcWPyruiCUZkywo,281280,4
0.459,0.658,7,-8.727,1,0.0372,0.351,0.381,0.169,0.849,121.451,audio_features,1XheLClJGSgidUzEBlKJIs,spotify:track:1XheLClJGSgidUzEBlKJIs,https://api.spotify.com/v1/tracks/1XheLClJGSgidUzEBlKJIs,https://api.spotify.com/v1/audio-analysis/1XheLClJGSgidUzEBlKJIs,155373,4
0.527,0.739,2,-3.815,1,0.0969,0.754,1.02e-06,0.113,0.791,116.713,audio_features,0cUbSZRQkneEV2AB6m1pZJ,spotify:track:0cUbSZRQkneEV2AB6m1pZJ,https://api.spotify.com/v1/tracks/0cUbSZRQkneEV2AB6m1pZJ,https://api.spotify.com/v1/audio-analysis/0cUbSZRQkneEV2AB6m1pZJ,208067,4
0.684,0.761,7,-3.779,1,0.0315,0.0814,2.58e-05,0.251,0.724,98.056,audio_features,4yU4HXqEpHWIhKk9IHRvrn,spotify:track:4yU4HXqEpHWIhKk9IHRvrn,https://api.spotify.com/v1/tracks/4yU4HXqEpHWIhKk9IHRvrn,https://api.spotify.com/v1/audio-analysis/4yU4HXqEpHWIhKk9IHRvrn,242160,4
0.402,0.332,7,-3.395,1,0.0313,0.928,0.0991,0.381,0.341,109.645,audio_features,5U430lbha0XWLZPKhV5IzD,spotify:track:5U430lbha0XWLZPKhV5IzD,https://api.spotify.com/v1/tracks/5U430lbha0XWLZPKhV5IzD,https://api.spotify.com/v1/audio-analysis/5U430lbha0XWLZPKhV5IzD,164027,4
0.415,0.766,2,-6.024,1,0.0752,0.264,0.00153,0.0791,0.562,114.361,audio_features,2S13OfSigcCGWNT0r1VTgB,spotify:track:2S13OfSigcCGWNT0r1VTgB,https://api.spotify.com/v1/tracks/2S13OfSigcCGWNT0r1VTgB,https://api.spotify.com/v1/audio-analysis/2S13OfSigcCGWNT0r1VTgB,225907,4
0.624,0.72,7,-5.895,1,0.0333,0.462,2.21e-06,0.238,0.819,112.993,audio_features,11i6pVSn1rQt1BlvquMWw7,spotify:track:11i6pVSn1rQt1BlvquMWw7,https://api.spotify.com/v1/tracks/11i6pVSn1rQt1BlvquMWw7,https://api.spotify.com/v1/audio-analysis/11i6pVSn1rQt1BlvquMWw7,211933,4
0.669,0.91,2,-2.467,1,0.0519,0.0433,2.33e-06,0.138,0.685,109.888,audio_features,2pYkWMHmwjorMjuFpUXZl0,spotify:track:2pYkWMHmwjorMjuFpUXZl0,https://api.spotify.com/v1/tracks/2pYkWMHmwjorMjuFpUXZl0,https://api.spotify.com/v1/audio-analysis/2pYkWMHmwjorMjuFpUXZl0,200920,4
0.443,0.739,2,-7.159,1,0.055,0.12,0.00056,0.341,0.544,124.082,audio_features,55Djo3KzQbvtS7SEVdN9VS,spotify:track:55Djo3KzQbvtS7SEVdN9VS,https://api.spotify.com/v1/tracks/55Djo3KzQbvtS7SEVdN9VS,https://api.spotify.com/v1/audio-analysis/55Djo3KzQbvtS7SEVdN9VS,195702,4
0.379,0.494,9,-14.108,1,0.114,0.455,0.453,0.0343,0.345,140.916,audio_features,05FDyiMxn3kTHNS8PMmuEN,spotify:track:05FDyiMxn3kTHNS8PMmuEN,https://api.spotify.com/v1/tracks/05FDyiMxn3kTHNS8PMmuEN,https://api.spotify.com/v1/audio-analysis/05FDyiMxn3kTHNS8PMmuEN,246307,4
0.541,0.518,0,-8.613,1,0.0449,0.492,0.735,0.0922,0.568,78.133,audio_features,2bnNxEiJ8WKecq0qmO25ak,spotify:track:2bnNxEiJ8WKecq0qmO25ak,https://api.spotify.com/v1/tracks/2bnNxEiJ8WKecq0qmO25ak,https://api.spotify.com/v1/audio-analysis/2bnNxEiJ8WKecq0qmO25ak,168573,3
0.594,0.928,4,-4.781,1,0.0519,0.0182,0.00536,0.124,0.923,131.001,audio_features,50ng2AslK2GkljqsPNlt6S,spotify:track:50ng2AslK2GkljqsPNlt6S,https://api.spotify.com/v1/tracks/50ng2AslK2GkljqsPNlt6S,https://api.spotify.com/v1/audio-analysis/50ng2AslK2GkljqsPNlt6S,153373,4
0.471,0.791,2,-6.73,1,0.04,0.0716,0.000544,0.107,0.526,106.55,audio_features,77gqPsZxtzVJwAkijjFgiP,spotify:track:77gqPsZxtzVJwAkijjFgiP,https://api.spotify.com/v1/tracks/77gqPsZxtzVJwAkijjFgiP,https://api.spotify.com/v1/audio-analysis/77gqPsZxtzVJwAkijjFgiP,245987,4
0.57,0.899,4,-4.621,1,0.108,0.266,0.000383,0.445,0.831,155.802,audio_features,6Qob4B9BvRrjSP9cqWAc1O,spotify:track:6Qob4B9BvRrjSP9cqWAc1O,https://api.spotify.com/v1/tracks/6Qob4B9BvRrjSP9cqWAc1O,https://api.spotify.com/v1/audio-analysis/6Qob4B9BvRrjSP9cqWAc1O,355733,4
0.676,0.62,2,-6.637,0,0.0311,0.623,0.0126,0.102,0.833,107.987,audio_features,3rhUOxNLFbE9mZNIbmxoiH,spotify:track:3rhUOxNLFbE9mZNIbmxoiH,https://api.spotify.com/v1/tracks/3rhUOxNLFbE9mZNIbmxoiH,https://api.spotify.com/v1/audio-analysis/3rhUOxNLFbE9mZNIbmxoiH,177973,4
0.553,0.887,7,-7.215,1,0.0396,0.16,0.0431,0.0676,0.826,159.864,audio_features,7dosdNYAsjf5Jv6awA3V8X,spotify:track:7dosdNYAsjf5Jv6awA3V8X,https://api.spotify.com/v1/tracks/7dosdNYAsjf5Jv6awA3V8X,https://api.spotify.com/v1/audio-analysis/7dosdNYAsjf5Jv6awA3V8X,205480,4
0.479,0.859,2,-6.187,0,0.0475,0.184,0.0386,0.198,0.472,150.005,audio_features,3AFVmWZTVCS0LpMxEjCOJ1,spotify:track:3AFVmWZTVCS0LpMxEjCOJ1,https://api.spotify.com/v1/tracks/3AFVmWZTVCS0LpMxEjCOJ1,https://api.spotify.com/v1/audio-analysis/3AFVmWZTVCS0LpMxEjCOJ1,257507,4
0.505,0.828,2,-5.361,0,0.0505,0.00183,3.92e-06,0.275,0.277,139.991,audio_features,4JxcuYX2wcVPgSMqFLDxK6,spotify:track:4JxcuYX2wcVPgSMqFLDxK6,https://api.spotify.com/v1/tracks/4JxcuYX2wcVPgSMqFLDxK6,https://api.spotify.com/v1/audio-analysis/4JxcuYX2wcVPgSMqFLDxK6,194000,4
0.601,0.685,9,-12.262,1,0.0359,0.127,0.0194,0.106,0.214,138.003,audio_features,3WbOFD2WSMetWiiAEVJ3lN,spotify:track:3WbOFD2WSMetWiiAEVJ3lN,https://api.spotify.com/v1/tracks/3WbOFD2WSMetWiiAEVJ3lN,https://api.spotify.com/v1/audio-analysis/3WbOFD2WSMetWiiAEVJ3lN,211373,4
0.294,0.502,0,-9.052,1,0.0364,0.671,0.0106,0.0955,0.188,183.999,audio_features,4eQOOMrUMljh8ogjzoH4lg,spotify:track:4eQOOMrUMljh8ogjzoH4lg,https://api.spotify.com/v1/tracks/4eQOOMrUMljh8ogjzoH4lg,https://api.spotify.com/v1/audio-analysis/4eQOOMrUMljh8ogjzoH4lg,234837,4
0.506,0.863,4,-5.865,1,0.0347,0.0327,0.175,0.333,0.247,99.978,audio_features,3loGTQaNWhN75RUBaU6a4n,spotify:track:3loGTQaNWhN75RUBaU6a4n,https://api.spotify.com/v1/tracks/3loGTQaNWhN75RUBaU6a4n,https://api.spotify.com/v1/audio-analysis/3loGTQaNWhN75RUBaU6a4n,202214,4
0.551,0.423,1,-7.93,0,0.0261,0.795,2.72e-06,0.161,0.16,137.903,audio_features,1uTCjxoeX95rT57W4R6Kka,spotify:track:1uTCjxoeX95rT57W4R6Kka,https://api.spotify.com/v1/tracks/1uTCjxoeX95rT57W4R6Kka,https://api.spotify.com/v1/audio-analysis/1uTCjxoeX95rT57W4R6Kka,226750,4
0.511,0.838,6,-5.048,1,0.0411,0.00292,0.000277,0.322,0.535,73.979,audio_features,4C5EmC2LlD9cIpZuaNMQF7,spotify:track:4C5EmC2LlD9cIpZuaNMQF7,https://api.spotify.com/v1/tracks/4C5EmC2LlD9cIpZuaNMQF7,https://api.spotify.com/v1/audio-analysis/4C5EmC2LlD9cIpZuaNMQF7,208480,4
0.437,0.905,1,-8.409,0,0.0368,0.03,0.797,0.0878,0.487,108.02,audio_features,0NAQcRffkzR3qRXgEexUlC,spotify:track:0NAQcRffkzR3qRXgEexUlC,https://api.spotify.com/v1/tracks/0NAQcRffkzR3qRXgEexUlC,https://api.spotify.com/v1/audio-analysis/0NAQcRffkzR3qRXgEexUlC,259371,4
0.529,0.746,9,-5.209,1,0.0288,0.102,0.0153,0.0841,0.338,101.969,audio_features,1gkr1gwWTHOek0QbE17eMX,spotify:track:1gkr1gwWTHOek0QbE17eMX,https://api.spotify.com/v1/tracks/1gkr1gwWTHOek0QbE17eMX,https://api.spotify.com/v1/audio-analysis/1gkr1gwWTHOek0QbE17eMX,224947,4
0.452,0.543,7,-11.144,1,0.0592,0.012,0.0211,0.192,0.14,133.94,audio_features,32zSQP0XIWg3qXYM5OkxHw,spotify:track:32zSQP0XIWg3qXYM5OkxHw,https://api.spotify.com/v1/tracks/32zSQP0XIWg3qXYM5OkxHw,https://api.spotify.com/v1/audio-analysis/32zSQP0XIWg3qXYM5OkxHw,171307,4
0.542,0.9,6,-4.881,0,0.0726,0.000988,1e-05,0.135,0.566,140.036,audio_features,03SJHFvaJ7dxSiDDxFqjpZ,spotify:track:03SJHFvaJ7dxSiDDxFqjpZ,https://api.spotify.com/v1/tracks/03SJHFvaJ7dxSiDDxFqjpZ,https://api.spotify.com/v1/audio-analysis/03SJHFvaJ7dxSiDDxFqjpZ,199000,4
0.566,0.702,7,-7.468,1,0.0275,0.235,0.35,0.102,0.603,148.048,audio_features,3KGjS3EwJbAqFHTYKhfzmN,spotify:track:3KGjS3EwJbAqFHTYKhfzmN,https://api.spotify.com/v1/tracks/3KGjS3EwJbAqFHTYKhfzmN,https://api.spotify.com/v1/audio-analysis/3KGjS3EwJbAqFHTYKhfzmN,252128,4
0.534,0.668,6,-9.285,1,0.0314,0.434,9.87e-05,0.102,0.14,96.122,audio_features,0NueoLhGEsp64UGIiV0ZsP,spotify:track:0NueoLhGEsp64UGIiV0ZsP,https://api.spotify.com/v1/tracks/0NueoLhGEsp64UGIiV0ZsP,https://api.spotify.com/v1/audio-analysis/0NueoLhGEsp64UGIiV0ZsP,219507,4
0.536,0.943,6,-2.676,0,0.0402,0.225,0.948,0.0314,0.737,140.026,audio_features,4h6KvE4IPsQAtNoDIHfBe4,spotify:track:4h6KvE4IPsQAtNoDIHfBe4,https://api.spotify.com/v1/tracks/4h6KvE4IPsQAtNoDIHfBe4,https://api.spotify.com/v1/audio-analysis/4h6KvE4IPsQAtNoDIHfBe4,104480,4
0.292,0.522,9,-8.255,1,0.0309,0.665,0.634,0.0968,0.0617,73.657,audio_features,5vQvy82YliEzyrMxz86tL5,spotify:track:5vQvy82YliEzyrMxz86tL5,https://api.spotify.com/v1/tracks/5vQvy82YliEzyrMxz86tL5,https://api.spotify.com/v1/audio-analysis/5vQvy82YliEzyrMxz86tL5,280210,3
0.66,0.718,9,-7.094,0,0.0252,0.176,0.00209,0.0872,0.533,105.001,audio_features,0txxjXPs7U06xxgXnmjGNI,spotify:track:0txxjXPs7U06xxgXnmjGNI,https://api.spotify.com/v1/tracks/0txxjXPs7U06xxgXnmjGNI,https://api.spotify.com/v1/audio-analysis/0txxjXPs7U06xxgXnmjGNI,231890,4
0.254,0.0343,0,-28.737,1,0.0359,0.958,0.595,0.221,0.0379,90.855,audio_features,0Zemz16Jb4t4A0EwMOoIEW,spotify:track:0Zemz16Jb4t4A0EwMOoIEW,https://api.spotify.com/v1/tracks/0Zemz16Jb4t4A0EwMOoIEW,https://api.spotify.com/v1/audio-analysis/0Zemz16Jb4t4A0EwMOoIEW,76200,3
0.563,0.959,9,-4.102,0,0.0577,0.000129,0.00109,0.118,0.748,138.025,audio_features,6y7jr7IMstPQ4IyOPSJJGh,spotify:track:6y7jr7IMstPQ4IyOPSJJGh,https://api.spotify.com/v1/tracks/6y7jr7IMstPQ4IyOPSJJGh,https://api.spotify.com/v1/audio-analysis/6y7jr7IMstPQ4IyOPSJJGh,202693,4
0.542,0.672,11,-6.898,1,0.0521,0.211,0.0174,0.588,0.255,117.973,audio_features,61gA5MUuTFaKw6Hq2tbfH9,spotify:track:61gA5MUuTFaKw6Hq2tbfH9,https://api.spotify.com/v1/tracks/61gA5MUuTFaKw6Hq2tbfH9,https://api.spotify.com/v1/audio-analysis/61gA5MUuTFaKw6Hq2tbfH9,281653,4
0.528,0.682,0,-6.515,1,0.0283,0.00083,0.00346,0.0924,0.446,93.998,audio_features,0tGpZUAOSQt9l53jrAXqlI,spotify:track:0tGpZUAOSQt9l53jrAXqlI,https://api.spotify.com/v1/tracks/0tGpZUAOSQt9l53jrAXqlI,https://api.spotify.com/v1/audio-analysis/0tGpZUAOSQt9l53jrAXqlI,201134,4
0.164,0.166,9,-20.25,1,0.0377,0.513,0.0489,0.0882,0.037,130.035,audio_features,3qSeRhLqLfhyrfk8AgxQo1,spotify:track:3qSeRhLqLfhyrfk8AgxQo1,https://api.spotify.com/v1/tracks/3qSeRhLqLfhyrfk8AgxQo1,https://api.spotify.com/v1/audio-analysis/3qSeRhLqLfhyrfk8AgxQo1,116613,3
0.631,0.524,9,-10.356,1,0.0406,0.672,0.000425,0.226,0.181,109.867,audio_features,1qeTKq8ZvLSt8ivsiIxPGB,spotify:track:1qeTKq8ZvLSt8ivsiIxPGB,https://api.spotify.com/v1/tracks/1qeTKq8ZvLSt8ivsiIxPGB,https://api.spotify.com/v1/audio-analysis/1qeTKq8ZvLSt8ivsiIxPGB,174577,4
0.502,0.913,11,-6.128,0,0.046,0.024,0.00158,0.321,0.412,131.976,audio_features,2k49UOVFcEUDzs2vkXmBFI,spotify:track:2k49UOVFcEUDzs2vkXmBFI,https://api.spotify.com/v1/tracks/2k49UOVFcEUDzs2vkXmBFI,https://api.spotify.com/v1/audio-analysis/2k49UOVFcEUDzs2vkXmBFI,283627,4
0.424,0.875,8,-4.826,1,0.0468,0.00817,0.00014,0.0824,0.309,164.117,audio_features,3D4X1lzXsxaaAHZEaLZrsQ,spotify:track:3D4X1lzXsxaaAHZEaLZrsQ,https://api.spotify.com/v1/tracks/3D4X1lzXsxaaAHZEaLZrsQ,https://api.spotify.com/v1/audio-analysis/3D4X1lzXsxaaAHZEaLZrsQ,235520,4
0.41,0.858,9,-4.691,0,0.052,0.335,0.00562,0.0658,0.0653,115.918,audio_features,3jeMqGRS4C7llod8fSnETX,spotify:track:3jeMqGRS4C7llod8fSnETX,https://api.spotify.com/v1/tracks/3jeMqGRS4C7llod8fSnETX,https://api.spotify.com/v1/audio-analysis/3jeMqGRS4C7llod8fSnETX,257027,4
0.622,0.294,4,-18.801,1,0.376,0.867,0.0,0.108,0.755,129.712,audio_features,5G1zUELIit0EB9DVivxLyz,spotify:track:5G1zUELIit0EB9DVivxLyz,https://api.spotify.com/v1/tracks/5G1zUELIit0EB9DVivxLyz,https://api.spotify.com/v1/audio-analysis/5G1zUELIit0EB9DVivxLyz,140067,4
0.7,0.432,11,-11.289,1,0.0305,0.413,0.0,0.13,0.705,125.975,audio_features,3YE5MTrfmTu1UqgW61Cn73,spotify:track:3YE5MTrfmTu1UqgW61Cn73,https://api.spotify.com/v1/tracks/3YE5MTrfmTu1UqgW61Cn73,https://api.spotify.com/v1/audio-analysis/3YE5MTrfmTu1UqgW61Cn73,185720,4
0.378,0.648,7,-5.303,1,0.0469,0.0981,0.0,0.149,0.191,122.053,audio_features,3SchbWjSLrjon6V9JvGTNb,spotify:track:3SchbWjSLrjon6V9JvGTNb,https://api.spotify.com/v1/tracks/3SchbWjSLrjon6V9JvGTNb,https://api.spotify.com/v1/audio-analysis/3SchbWjSLrjon6V9JvGTNb,240520,4
0.467,0.302,0,-14.012,1,0.0413,0.779,0.00344,0.12,0.223,144.358,audio_features,3e5DdLSgBr1wKRhN4IL7xr,spotify:track:3e5DdLSgBr1wKRhN4IL7xr,https://api.spotify.com/v1/tracks/3e5DdLSgBr1wKRhN4IL7xr,https://api.spotify.com/v1/audio-analysis/3e5DdLSgBr1wKRhN4IL7xr,254240,4
0.524,0.487,5,-9.929,1,0.0263,0.779,0.00249,0.0866,0.471,95.004,audio_features,5d03SNwSawf5m7X6KfKTbz,spotify:track:5d03SNwSawf5m7X6KfKTbz,https://api.spotify.com/v1/tracks/5d03SNwSawf5m7X6KfKTbz,https://api.spotify.com/v1/audio-analysis/5d03SNwSawf5m7X6KfKTbz,284787,4
0.569,0.724,7,-8.122,1,0.443,0.239,0.000235,0.121,0.303,144.285,audio_features,1VX8s05NQWjecNXeS1xzaD,spotify:track:1VX8s05NQWjecNXeS1xzaD,https://api.spotify.com/v1/tracks/1VX8s05NQWjecNXeS1xzaD,https://api.spotify.com/v1/audio-analysis/1VX8s05NQWjecNXeS1xzaD,127872,4
0.612,0.381,7,-11.117,1,0.0333,0.578,0.809,0.121,0.36,129.954,audio_features,4n2CTjmYOvobPaHDYTUVCp,spotify:track:4n2CTjmYOvobPaHDYTUVCp,https://api.spotify.com/v1/tracks/4n2CTjmYOvobPaHDYTUVCp,https://api.spotify.com/v1/audio-analysis/4n2CTjmYOvobPaHDYTUVCp,190893,4
0.864,0.53,7,-8.478,1,0.0489,0.568,0.000893,0.077,0.893,126.966,audio_features,0gvbT39W92fgUxbmpho4AP,spotify:track:0gvbT39W92fgUxbmpho4AP,https://api.spotify.com/v1/tracks/0gvbT39W92fgUxbmpho4AP,https://api.spotify.com/v1/audio-analysis/0gvbT39W92fgUxbmpho4AP,175760,4
0.667,0.659,7,-8.206,1,0.03,0.121,0.477,0.191,0.229,125.014,audio_features,7IKAmKlqtsXYNrSoUUvSUc,spotify:track:7IKAmKlqtsXYNrSoUUvSUc,https://api.spotify.com/v1/tracks/7IKAmKlqtsXYNrSoUUvSUc,https://api.spotify.com/v1/audio-analysis/7IKAmKlqtsXYNrSoUUvSUc,240454,4
0.57,0.137,7,-20.042,1,0.0712,0.971,0.504,0.112,0.39,97.241,audio_features,1vuqJy8MKXXpOSInrGm63J,spotify:track:1vuqJy8MKXXpOSInrGm63J,https://api.spotify.com/v1/tracks/1vuqJy8MKXXpOSInrGm63J,https://api.spotify.com/v1/audio-analysis/1vuqJy8MKXXpOSInrGm63J,107867,4
0.605,0.739,7,-7.433,1,0.0361,0.00959,2.89e-05,0.196,0.8,104.006,audio_features,64AFKcZzIq3cMVpAPM9DYB,spotify:track:64AFKcZzIq3cMVpAPM9DYB,https://api.spotify.com/v1/tracks/64AFKcZzIq3cMVpAPM9DYB,https://api.spotify.com/v1/audio-analysis/64AFKcZzIq3cMVpAPM9DYB,199613,4
0.529,0.738,1,-6.656,1,0.0934,0.0744,0.0158,0.282,0.316,142.492,audio_features,3fKRzFe8ubAysY9zD6ksxQ,spotify:track:3fKRzFe8ubAysY9zD6ksxQ,https://api.spotify.com/v1/tracks/3fKRzFe8ubAysY9zD6ksxQ,https://api.spotify.com/v1/audio-analysis/3fKRzFe8ubAysY9zD6ksxQ,174150,4
0.572,0.32,9,-10.734,1,0.0345,0.173,1.02e-05,0.137,0.193,146.849,audio_features,7BaKPZujZbbpXYqwPzPXSG,spotify:track:7BaKPZujZbbpXYqwPzPXSG,https://api.spotify.com/v1/tracks/7BaKPZujZbbpXYqwPzPXSG,https://api.spotify.com/v1/audio-analysis/7BaKPZujZbbpXYqwPzPXSG,205347,3
0.779,0.44,2,-6.091,1,0.0507,0.662,0.0,0.354,0.739,109.044,audio_features,2cBS7oq3NpVIuRxD00s3pE,spotify:track:2cBS7oq3NpVIuRxD00s3pE,https://api.spotify.com/v1/tracks/2cBS7oq3NpVIuRxD00s3pE,https://api.spotify.com/v1/audio-analysis/2cBS7oq3NpVIuRxD00s3pE,186920,4
0.558,0.858,4,-8.013,0,0.0304,0.425,0.609,0.203,0.534,105.01,audio_features,5706TQsi8ZJg0n1B0kMYog,spotify:track:5706TQsi8ZJg0n1B0kMYog,https://api.spotify.com/v1/tracks/5706TQsi8ZJg0n1B0kMYog,https://api.spotify.com/v1/audio-analysis/5706TQsi8ZJg0n1B0kMYog,260727,4
0.684,0.0757,9,-24.411,1,0.0493,0.948,0.00686,0.138,0.315,95.153,audio_features,2hwbB2iem4lQ5IgiqtKegs,spotify:track:2hwbB2iem4lQ5IgiqtKegs,https://api.spotify.com/v1/tracks/2hwbB2iem4lQ5IgiqtKegs,https://api.spotify.com/v1/audio-analysis/2hwbB2iem4lQ5IgiqtKegs,166640,1
0.697,0.806,6,-4.944,1,0.0638,0.19,0.000142,0.0946,0.515,146.97,audio_features,41tazZ7j9pJdT5x5ZvIQQI,spotify:track:41tazZ7j9pJdT5x5ZvIQQI,https://api.spotify.com/v1/tracks/41tazZ7j9pJdT5x5ZvIQQI,https://api.spotify.com/v1/audio-analysis/41tazZ7j9pJdT5x5ZvIQQI,229440,4
0.39,0.606,5,-6.43,1,0.0381,0.0673,3.48e-06,0.174,0.652,206.087,audio_features,42kMMBCgs9fVBO0go3VNYU,spotify:track:42kMMBCgs9fVBO0go3VNYU,https://api.spotify.com/v1/tracks/42kMMBCgs9fVBO0go3VNYU,https://api.spotify.com/v1/audio-analysis/42kMMBCgs9fVBO0go3VNYU,184373,4
0.474,0.108,6,-18.252,1,0.0381,0.934,4.94e-05,0.147,0.278,133.349,audio_features,0tCTVRWcrEzdkTHRfvdyRl,spotify:track:0tCTVRWcrEzdkTHRfvdyRl,https://api.spotify.com/v1/tracks/0tCTVRWcrEzdkTHRfvdyRl,https://api.spotify.com/v1/audio-analysis/0tCTVRWcrEzdkTHRfvdyRl,256587,4
0.594,0.773,2,-6.968,1,0.0264,0.0278,0.00103,0.201,0.512,118.024,audio_features,7uGIcQr43ldUpqmJ4iJoNx,spotify:track:7uGIcQr43ldUpqmJ4iJoNx,https://api.spotify.com/v1/tracks/7uGIcQr43ldUpqmJ4iJoNx,https://api.spotify.com/v1/audio-analysis/7uGIcQr43ldUpqmJ4iJoNx,261525,4
0.54,0.398,9,-7.637,0,0.0358,0.5,0.0,0.148,0.246,109.608,audio_features,1UV9SgZuMXau9iAj9e2ZTt,spotify:track:1UV9SgZuMXau9iAj9e2ZTt,https://api.spotify.com/v1/tracks/1UV9SgZuMXau9iAj9e2ZTt,https://api.spotify.com/v1/audio-analysis/1UV9SgZuMXau9iAj9e2ZTt,143467,4
0.383,0.915,11,-3.247,0,0.0655,0.122,0.000466,0.0536,0.771,183.665,audio_features,65NN3wiQvdIG1UC04Lgi5F,spotify:track:65NN3wiQvdIG1UC04Lgi5F,https://api.spotify.com/v1/tracks/65NN3wiQvdIG1UC04Lgi5F,https://api.spotify.com/v1/audio-analysis/65NN3wiQvdIG1UC04Lgi5F,182693,4
0.572,0.709,2,-5.081,1,0.0483,0.903,0.00962,0.106,0.785,122.401,audio_features,2RkUFQwcm9B2VC7zbNufs4,spotify:track:2RkUFQwcm9B2VC7zbNufs4,https://api.spotify.com/v1/tracks/2RkUFQwcm9B2VC7zbNufs4,https://api.spotify.com/v1/audio-analysis/2RkUFQwcm9B2VC7zbNufs4,174040,4
0.703,0.378,4,-8.228,1,0.143,0.618,0.0,0.127,0.648,117.495,audio_features,0EY1CS35nYnmby4nuiKxOx,spotify:track:0EY1CS35nYnmby4nuiKxOx,https://api.spotify.com/v1/tracks/0EY1CS35nYnmby4nuiKxOx,https://api.spotify.com/v1/audio-analysis/0EY1CS35nYnmby4nuiKxOx,163320,4
0.496,0.301,11,-11.095,0,0.0321,0.871,0.0,0.0621,0.17,116.582,audio_features,72vW7B9Iqaw55s2TMTE5GU,spotify:track:72vW7B9Iqaw55s2TMTE5GU,https://api.spotify.com/v1/tracks/72vW7B9Iqaw55s2TMTE5GU,https://api.spotify.com/v1/audio-analysis/72vW7B9Iqaw55s2TMTE5GU,218240,4
0.604,0.494,4,-6.154,1,0.0325,0.24,0.000178,0.539,0.391,96.005,audio_features,2KogEl1r0tDgIgJiLaA7y1,spotify:track:2KogEl1r0tDgIgJiLaA7y1,https://api.spotify.com/v1/tracks/2KogEl1r0tDgIgJiLaA7y1,https://api.spotify.com/v1/audio-analysis/2KogEl1r0tDgIgJiLaA7y1,219200,4
0.658,0.74,11,-7.559,0,0.192,0.14,0.841,0.178,0.654,110.14,audio_features,3LeOrBGVcNb5ctOVlEu7al,spotify:track:3LeOrBGVcNb5ctOVlEu7al,https://api.spotify.com/v1/tracks/3LeOrBGVcNb5ctOVlEu7al,https://api.spotify.com/v1/audio-analysis/3LeOrBGVcNb5ctOVlEu7al,208467,4
0.509,0.877,5,-6.122,1,0.0774,0.122,0.00236,0.407,0.603,140.197,audio_features,3LX7AhUOxH7u8yd0u8Kw1t,spotify:track:3LX7AhUOxH7u8yd0u8Kw1t,https://api.spotify.com/v1/tracks/3LX7AhUOxH7u8yd0u8Kw1t,https://api.spotify.com/v1/audio-analysis/3LX7AhUOxH7u8yd0u8Kw1t,277307,4
0.668,0.474,2,-9.696,0,0.0328,0.317,0.0238,0.092,0.684,115.0,audio_features,0Sn0C86nXGFsUoc8i7rwTM,spotify:track:0Sn0C86nXGFsUoc8i7rwTM,https://api.spotify.com/v1/tracks/0Sn0C86nXGFsUoc8i7rwTM,https://api.spotify.com/v1/audio-analysis/0Sn0C86nXGFsUoc8i7rwTM,283400,4
0.736,0.776,9,-5.148,1,0.0508,0.377,0.0,0.118,0.971,116.047,audio_features,2aNFkeLIuVca4fHPgDSWkb,spotify:track:2aNFkeLIuVca4fHPgDSWkb,https://api.spotify.com/v1/tracks/2aNFkeLIuVca4fHPgDSWkb,https://api.spotify.com/v1/audio-analysis/2aNFkeLIuVca4fHPgDSWkb,191587,4
0.407,0.567,7,-6.61,1,0.0328,0.168,0.00615,0.125,0.465,108.898,audio_features,1M0JVdSThE8KrOfNNvdm7E,spotify:track:1M0JVdSThE8KrOfNNvdm7E,https://api.spotify.com/v1/tracks/1M0JVdSThE8KrOfNNvdm7E,https://api.spotify.com/v1/audio-analysis/1M0JVdSThE8KrOfNNvdm7E,249067,1
0.597,0.923,2,-3.748,1,0.0614,0.239,0.00164,0.149,0.777,142.32,audio_features,5i2A1ZJY2NuUJDyPfpJTys,spotify:track:5i2A1ZJY2NuUJDyPfpJTys,https://api.spotify.com/v1/tracks/5i2A1ZJY2NuUJDyPfpJTys,https://api.spotify.com/v1/audio-analysis/5i2A1ZJY2NuUJDyPfpJTys,254947,4
0.577,0.548,7,-9.138,1,0.0668,0.392,0.843,0.0427,0.931,106.52,audio_features,79mafYVWGR74Fo2Kuy4JLh,spotify:track:79mafYVWGR74Fo2Kuy4JLh,https://api.spotify.com/v1/tracks/79mafYVWGR74Fo2Kuy4JLh,https://api.spotify.com/v1/audio-analysis/79mafYVWGR74Fo2Kuy4JLh,172147,4
0.68,0.828,2,-3.109,1,0.107,0.652,0.0823,0.146,0.793,120.038,audio_features,1epA4F0NqO4vfPALYTTITM,spotify:track:1epA4F0NqO4vfPALYTTITM,https://api.spotify.com/v1/tracks/1epA4F0NqO4vfPALYTTITM,https://api.spotify.com/v1/audio-analysis/1epA4F0NqO4vfPALYTTITM,173907,4
0.551,0.866,2,-7.303,1,0.0307,0.247,5.39e-06,0.304,0.966,133.066,audio_features,0oqaFjeZSclObfUf8ZqcnE,spotify:track:0oqaFjeZSclObfUf8ZqcnE,https://api.spotify.com/v1/tracks/0oqaFjeZSclObfUf8ZqcnE,https://api.spotify.com/v1/audio-analysis/0oqaFjeZSclObfUf8ZqcnE,179560,4
0.42,0.881,0,-6.138,0,0.0585,0.097,0.00183,0.181,0.735,157.105,audio_features,2L5Ld3YkMiTmRvtI0kirZJ,spotify:track:2L5Ld3YkMiTmRvtI0kirZJ,https://api.spotify.com/v1/tracks/2L5Ld3YkMiTmRvtI0kirZJ,https://api.spotify.com/v1/audio-analysis/2L5Ld3YkMiTmRvtI0kirZJ,221333,4
0.53,0.701,1,-8.117,1,0.0536,0.0277,0.000491,0.173,0.203,139.891,audio_features,3Fxb5ndiDRuX7LANqKKV3N,spotify:track:3Fxb5ndiDRuX7LANqKKV3N,https://api.spotify.com/v1/tracks/3Fxb5ndiDRuX7LANqKKV3N,https://api.spotify.com/v1/audio-analysis/3Fxb5ndiDRuX7LANqKKV3N,157981,4
0.47,0.826,6,-5.023,1,0.0675,0.0155,1.13e-06,0.218,0.558,149.662,audio_features,1klFmBhj54GvxQFjpc17Nv,spotify:track:1klFmBhj54GvxQFjpc17Nv,https://api.spotify.com/v1/tracks/1klFmBhj54GvxQFjpc17Nv,https://api.spotify.com/v1/audio-analysis/1klFmBhj54GvxQFjpc17Nv,164598,4
0.713,0.432,11,-11.823,1,0.0329,0.635,0.00295,0.0876,0.14,115.995,audio_features,7b7rUKLbJoRCghe2NeJTlU,spotify:track:7b7rUKLbJoRCghe2NeJTlU,https://api.spotify.com/v1/tracks/7b7rUKLbJoRCghe2NeJTlU,https://api.spotify.com/v1/audio-analysis/7b7rUKLbJoRCghe2NeJTlU,195926,4
0.569,0.209,5,-16.213,1,0.0416,0.819,0.0,0.102,0.0752,132.283,audio_features,4i5vGV5W6rY9i684MDOHJz,spotify:track:4i5vGV5W6rY9i684MDOHJz,https://api.spotify.com/v1/tracks/4i5vGV5W6rY9i684MDOHJz,https://api.spotify.com/v1/audio-analysis/4i5vGV5W6rY9i684MDOHJz,262238,4
0.685,0.701,2,-9.713,1,0.0359,0.129,2.07e-05,0.338,0.667,122.021,audio_features,0DOzqDQeK2BgmdWEk6d91I,spotify:track:0DOzqDQeK2BgmdWEk6d91I,https://api.spotify.com/v1/tracks/0DOzqDQeK2BgmdWEk6d91I,https://api.spotify.com/v1/audio-analysis/0DOzqDQeK2BgmdWEk6d91I,173835,4
0.538,0.752,7,-6.72,1,0.0391,0.0272,8.48e-05,0.131,0.372,150.061,audio_features,7dmV5v95B30Esw8SwvfDwT,spotify:track:7dmV5v95B30Esw8SwvfDwT,https://api.spotify.com/v1/tracks/7dmV5v95B30Esw8SwvfDwT,https://api.spotify.com/v1/audio-analysis/7dmV5v95B30Esw8SwvfDwT,223933,4
0.645,0.221,9,-15.458,1,0.0372,0.417,6.6e-05,0.278,0.275,113.944,audio_features,3snFaF4gIbZ584c00lkIDv,spotify:track:3snFaF4gIbZ584c00lkIDv,https://api.spotify.com/v1/tracks/3snFaF4gIbZ584c00lkIDv,https://api.spotify.com/v1/audio-analysis/3snFaF4gIbZ584c00lkIDv,167352,4
0.387,0.162,11,-14.854,0,0.0391,0.149,1.11e-06,0.101,0.0692,111.908,audio_features,55KyKosUzhawRkiijrpMz1,spotify:track:55KyKosUzhawRkiijrpMz1,https://api.spotify.com/v1/tracks/55KyKosUzhawRkiijrpMz1,https://api.spotify.com/v1/audio-analysis/55KyKosUzhawRkiijrpMz1,278936,4
0.635,0.325,1,-12.425,1,0.0412,0.0304,0.0155,0.107,0.247,130.072,audio_features,1R064RTDoOuyHhsdnRE2MQ,spotify:track:1R064RTDoOuyHhsdnRE2MQ,https://api.spotify.com/v1/tracks/1R064RTDoOuyHhsdnRE2MQ,https://api.spotify.com/v1/audio-analysis/1R064RTDoOuyHhsdnRE2MQ,99545,4
0.725,0.543,2,-7.836,1,0.0421,0.0547,0.000218,0.0878,0.587,130.0,audio_features,0xrpXPfHbjj5BuXbRCns1Q,spotify:track:0xrpXPfHbjj5BuXbRCns1Q,https://api.spotify.com/v1/tracks/0xrpXPfHbjj5BuXbRCns1Q,https://api.spotify.com/v1/audio-analysis/0xrpXPfHbjj5BuXbRCns1Q,191945,4
0.634,0.749,0,-5.533,1,0.0293,0.0297,0.0,0.0869,0.381,130.008,audio_features,0vSyhmRP4ZTEfktyKAZ22M,spotify:track:0vSyhmRP4ZTEfktyKAZ22M,https://api.spotify.com/v1/tracks/0vSyhmRP4ZTEfktyKAZ22M,https://api.spotify.com/v1/audio-analysis/0vSyhmRP4ZTEfktyKAZ22M,175374,4
0.677,0.683,1,-7.781,1,0.0756,0.00987,0.000465,0.109,0.45,139.722,audio_features,1CaT6n03zjwp3cxN7VLEwJ,spotify:track:1CaT6n03zjwp3cxN7VLEwJ,https://api.spotify.com/v1/tracks/1CaT6n03zjwp3cxN7VLEwJ,https://api.spotify.com/v1/audio-analysis/1CaT6n03zjwp3cxN7VLEwJ,224791,4
0.508,0.547,1,-12.247,0,0.106,0.0289,0.0,0.0887,0.327,174.921,audio_features,7J20mpCAGCLvsCCGwNXcZy,spotify:track:7J20mpCAGCLvsCCGwNXcZy,https://api.spotify.com/v1/tracks/7J20mpCAGCLvsCCGwNXcZy,https://api.spotify.com/v1/audio-analysis/7J20mpCAGCLvsCCGwNXcZy,139886,4
0.69,0.629,0,-9.575,1,0.0399,0.228,1.27e-05,0.261,0.667,124.056,audio_features,2stqFKiQdVlEtJkwuHG9UJ,spotify:track:2stqFKiQdVlEtJkwuHG9UJ,https://api.spotify.com/v1/tracks/2stqFKiQdVlEtJkwuHG9UJ,https://api.spotify.com/v1/audio-analysis/2stqFKiQdVlEtJkwuHG9UJ,171033,4
0.719,0.44,6,-11.783,1,0.043,0.361,0.0,0.0912,0.707,130.024,audio_features,20T2cKeQhMHhSCGkX37cKt,spotify:track:20T2cKeQhMHhSCGkX37cKt,https://api.spotify.com/v1/tracks/20T2cKeQhMHhSCGkX37cKt,https://api.spotify.com/v1/audio-analysis/20T2cKeQhMHhSCGkX37cKt,100566,4
0.491,0.743,1,-5.41,1,0.0415,0.102,3.06e-06,0.107,0.0771,150.029,audio_features,6qIU6mIcdyn1Z9mrl0uHo8,spotify:track:6qIU6mIcdyn1Z9mrl0uHo8,https://api.spotify.com/v1/tracks/6qIU6mIcdyn1Z9mrl0uHo8,https://api.spotify.com/v1/audio-analysis/6qIU6mIcdyn1Z9mrl0uHo8,146869,4
0.475,0.434,11,-8.384,1,0.0344,0.0831,1.97e-05,0.118,0.319,133.052,audio_features,5G1v4UyTVAeRhWBYVzBa9s,spotify:track:5G1v4UyTVAeRhWBYVzBa9s,https://api.spotify.com/v1/tracks/5G1v4UyTVAeRhWBYVzBa9s,https://api.spotify.com/v1/audio-analysis/5G1v4UyTVAeRhWBYVzBa9s,194000,3
0.615,0.573,8,-6.328,0,0.0322,0.221,0.0,0.135,0.171,119.85,audio_features,0KvguNcvwaUstEpfhY8qCs,spotify:track:0KvguNcvwaUstEpfhY8qCs,https://api.spotify.com/v1/tracks/0KvguNcvwaUstEpfhY8qCs,https://api.spotify.com/v1/audio-analysis/0KvguNcvwaUstEpfhY8qCs,213373,4
0.339,0.471,1,-12.305,0,0.0675,0.25,7.33e-05,0.059,0.218,184.287,audio_features,4FNCqimvy9mqwkteg4K8OZ,spotify:track:4FNCqimvy9mqwkteg4K8OZ,https://api.spotify.com/v1/tracks/4FNCqimvy9mqwkteg4K8OZ,https://api.spotify.com/v1/audio-analysis/4FNCqimvy9mqwkteg4K8OZ,306473,4
0.586,0.645,11,-9.747,1,0.0429,0.000717,0.0314,0.25,0.465,130.024,audio_features,0FCrytbvXkxi0p9tjss6e0,spotify:track:0FCrytbvXkxi0p9tjss6e0,https://api.spotify.com/v1/tracks/0FCrytbvXkxi0p9tjss6e0,https://api.spotify.com/v1/audio-analysis/0FCrytbvXkxi0p9tjss6e0,198948,4
0.489,0.334,11,-7.886,1,0.0339,0.681,1.05e-06,0.308,0.355,127.083,audio_features,15ScLfLEj3sXRs4zIK7QPi,spotify:track:15ScLfLEj3sXRs4zIK7QPi,https://api.spotify.com/v1/tracks/15ScLfLEj3sXRs4zIK7QPi,https://api.spotify.com/v1/audio-analysis/15ScLfLEj3sXRs4zIK7QPi,197000,3
0.588,0.699,2,-7.04,1,0.0404,0.0161,0.016,0.111,0.186,139.914,audio_features,5JmStDylLWEV67v8rtbXSr,spotify:track:5JmStDylLWEV67v8rtbXSr,https://api.spotify.com/v1/tracks/5JmStDylLWEV67v8rtbXSr,https://api.spotify.com/v1/audio-analysis/5JmStDylLWEV67v8rtbXSr,203687,4
0.771,0.449,3,-7.858,1,0.0273,0.687,0.00385,0.251,0.48,100.062,audio_features,6mVGetRG21LmSpXa7STQpM,spotify:track:6mVGetRG21LmSpXa7STQpM,https://api.spotify.com/v1/tracks/6mVGetRG21LmSpXa7STQpM,https://api.spotify.com/v1/audio-analysis/6mVGetRG21LmSpXa7STQpM,212573,4
0.46,0.401,8,-8.112,1,0.0447,0.259,0.000325,0.0728,0.32,108.647,audio_features,6oc3SBe4Rm62LYLwVx61ni,spotify:track:6oc3SBe4Rm62LYLwVx61ni,https://api.spotify.com/v1/tracks/6oc3SBe4Rm62LYLwVx61ni,https://api.spotify.com/v1/audio-analysis/6oc3SBe4Rm62LYLwVx61ni,307120,3
0.572,0.271,7,-11.93,1,0.0524,0.729,0.0,0.119,0.21,170.264,audio_features,1gXe5sqVchOmBQbfcMCXVr,spotify:track:1gXe5sqVchOmBQbfcMCXVr,https://api.spotify.com/v1/tracks/1gXe5sqVchOmBQbfcMCXVr,https://api.spotify.com/v1/audio-analysis/1gXe5sqVchOmBQbfcMCXVr,151000,4
0.402,0.763,5,-8.372,0,0.415,0.498,0.000569,0.901,0.426,80.834,audio_features,1syosULRIfDdNzpl46ypcl,spotify:track:1syosULRIfDdNzpl46ypcl,https://api.spotify.com/v1/tracks/1syosULRIfDdNzpl46ypcl,https://api.spotify.com/v1/audio-analysis/1syosULRIfDdNzpl46ypcl,238147,4
0.438,0.346,5,-9.44,1,0.0346,0.693,0.000705,0.113,0.185,112.335,audio_features,5bTpuErRgymv92bpUoSwV2,spotify:track:5bTpuErRgymv92bpUoSwV2,https://api.spotify.com/v1/tracks/5bTpuErRgymv92bpUoSwV2,https://api.spotify.com/v1/audio-analysis/5bTpuErRgymv92bpUoSwV2,158714,4
0.366,0.546,9,-7.38,1,0.0331,0.0372,5.45e-05,0.106,0.155,118.706,audio_features,29r3UH5chcfTqZMj41SqzK,spotify:track:29r3UH5chcfTqZMj41SqzK,https://api.spotify.com/v1/tracks/29r3UH5chcfTqZMj41SqzK,https://api.spotify.com/v1/audio-analysis/29r3UH5chcfTqZMj41SqzK,234997,4
0.646,0.272,2,-9.738,1,0.027,0.713,7.16e-06,0.0839,0.303,68.989,audio_features,5aJncS4ik1rULxaAU8VFns,spotify:track:5aJncS4ik1rULxaAU8VFns,https://api.spotify.com/v1/tracks/5aJncS4ik1rULxaAU8VFns,https://api.spotify.com/v1/audio-analysis/5aJncS4ik1rULxaAU8VFns,263184,4
0.676,0.785,11,-4.793,1,0.0274,0.0654,0.000168,0.178,0.559,102.035,audio_features,7EmFrlxatnA6ZmOD0449iq,spotify:track:7EmFrlxatnA6ZmOD0449iq,https://api.spotify.com/v1/tracks/7EmFrlxatnA6ZmOD0449iq,https://api.spotify.com/v1/audio-analysis/7EmFrlxatnA6ZmOD0449iq,187107,4
0.728,0.48,4,-7.522,0,0.0309,0.242,0.00758,0.0634,0.475,106.964,audio_features,7tLa3woAIlcIk95qjUTNoC,spotify:track:7tLa3woAIlcIk95qjUTNoC,https://api.spotify.com/v1/tracks/7tLa3woAIlcIk95qjUTNoC,https://api.spotify.com/v1/audio-analysis/7tLa3woAIlcIk95qjUTNoC,206028,4
0.673,0.669,7,-5.622,1,0.028,0.212,0.00229,0.103,0.507,140.012,audio_features,7kIrHPDYTyyEvEqPyJNkXW,spotify:track:7kIrHPDYTyyEvEqPyJNkXW,https://api.spotify.com/v1/tracks/7kIrHPDYTyyEvEqPyJNkXW,https://api.spotify.com/v1/audio-analysis/7kIrHPDYTyyEvEqPyJNkXW,201371,3
0.591,0.884,6,-5.216,0,0.0315,0.0357,1.24e-05,0.137,0.746,128.984,audio_features,0bwNnx8pA8VUumaHvf8KRN,spotify:track:0bwNnx8pA8VUumaHvf8KRN,https://api.spotify.com/v1/tracks/0bwNnx8pA8VUumaHvf8KRN,https://api.spotify.com/v1/audio-analysis/0bwNnx8pA8VUumaHvf8KRN,231861,4
0.609,0.808,2,-7.32,1,0.0591,0.311,0.799,0.139,0.458,123.072,audio_features,2vWl4rH7lPPspf55glfCpc,spotify:track:2vWl4rH7lPPspf55glfCpc,https://api.spotify.com/v1/tracks/2vWl4rH7lPPspf55glfCpc,https://api.spotify.com/v1/audio-analysis/2vWl4rH7lPPspf55glfCpc,235227,4
0.284,0.75,2,-9.058,0,0.105,0.419,0.533,0.0403,0.402,169.887,audio_features,1PkR2TyjUXCuNb689TcxJG,spotify:track:1PkR2TyjUXCuNb689TcxJG,https://api.spotify.com/v1/tracks/1PkR2TyjUXCuNb689TcxJG,https://api.spotify.com/v1/audio-analysis/1PkR2TyjUXCuNb689TcxJG,280680,4
0.554,0.795,0,-5.38,1,0.101,0.0442,9.31e-05,0.148,0.789,154.377,audio_features,1uWiwlAWHRMKZEElR6pEOH,spotify:track:1uWiwlAWHRMKZEElR6pEOH,https://api.spotify.com/v1/tracks/1uWiwlAWHRMKZEElR6pEOH,https://api.spotify.com/v1/audio-analysis/1uWiwlAWHRMKZEElR6pEOH,245960,4
0.637,0.918,7,-3.334,1,0.0492,0.0487,0.0,0.0812,0.965,137.759,audio_features,3F4Yzr0quwVT99B7WoIizY,spotify:track:3F4Yzr0quwVT99B7WoIizY,https://api.spotify.com/v1/tracks/3F4Yzr0quwVT99B7WoIizY,https://api.spotify.com/v1/audio-analysis/3F4Yzr0quwVT99B7WoIizY,183933,4
0.535,0.758,2,-7.606,1,0.0402,0.0509,0.942,0.0595,0.833,140.062,audio_features,32kzsUYMCVZyOlyEFWUevR,spotify:track:32kzsUYMCVZyOlyEFWUevR,https://api.spotify.com/v1/tracks/32kzsUYMCVZyOlyEFWUevR,https://api.spotify.com/v1/audio-analysis/32kzsUYMCVZyOlyEFWUevR,155080,4
0.593,0.943,7,-5.255,1,0.0534,0.135,0.784,0.073,0.85,121.157,audio_features,6IQcHublwDng90HAfC3qoW,spotify:track:6IQcHublwDng90HAfC3qoW,https://api.spotify.com/v1/tracks/6IQcHublwDng90HAfC3qoW,https://api.spotify.com/v1/audio-analysis/6IQcHublwDng90HAfC3qoW,168080,4
0.5,0.796,9,-5.282,0,0.353,0.754,7.05e-06,0.518,0.297,125.677,audio_features,7qMlCqiNKZnOD1ZgSxq06w,spotify:track:7qMlCqiNKZnOD1ZgSxq06w,https://api.spotify.com/v1/tracks/7qMlCqiNKZnOD1ZgSxq06w,https://api.spotify.com/v1/audio-analysis/7qMlCqiNKZnOD1ZgSxq06w,272467,4
0.46,0.213,9,-6.307,1,0.0391,0.951,0.0,0.109,0.669,77.993,audio_features,4osJQB4XEWruMTNciHqD0q,spotify:track:4osJQB4XEWruMTNciHqD0q,https://api.spotify.com/v1/tracks/4osJQB4XEWruMTNciHqD0q,https://api.spotify.com/v1/audio-analysis/4osJQB4XEWruMTNciHqD0q,112867,3
0.46,0.817,2,-6.598,1,0.0464,0.21,0.566,0.171,0.801,120.203,audio_features,3HSdiL4XEXQ4Bz8cWmlnti,spotify:track:3HSdiL4XEXQ4Bz8cWmlnti,https://api.spotify.com/v1/tracks/3HSdiL4XEXQ4Bz8cWmlnti,https://api.spotify.com/v1/audio-analysis/3HSdiL4XEXQ4Bz8cWmlnti,242013,4
0.551,0.205,3,-17.291,1,0.0458,0.866,0.000937,0.109,0.602,145.835,audio_features,108Q7fPYVSeLbPu2fKcbK5,spotify:track:108Q7fPYVSeLbPu2fKcbK5,https://api.spotify.com/v1/tracks/108Q7fPYVSeLbPu2fKcbK5,https://api.spotify.com/v1/audio-analysis/108Q7fPYVSeLbPu2fKcbK5,153000,4
0.708,0.602,6,-10.114,0,0.0322,0.374,0.00868,0.0933,0.773,120.061,audio_features,1qQmbloP2MwRT7sXaiXpJn,spotify:track:1qQmbloP2MwRT7sXaiXpJn,https://api.spotify.com/v1/tracks/1qQmbloP2MwRT7sXaiXpJn,https://api.spotify.com/v1/audio-analysis/1qQmbloP2MwRT7sXaiXpJn,205000,4
0.623,0.516,11,-11.547,0,0.0342,0.524,2.24e-06,0.153,0.596,140.09,audio_features,4jfq7rJdNS77eNIKOmxS1B,spotify:track:4jfq7rJdNS77eNIKOmxS1B,https://api.spotify.com/v1/tracks/4jfq7rJdNS77eNIKOmxS1B,https://api.spotify.com/v1/audio-analysis/4jfq7rJdNS77eNIKOmxS1B,199000,4
0.686,0.889,11,-5.897,0,0.0876,0.434,0.0,0.0645,0.938,110.049,audio_features,0P4JXKTcmdslasjPfRJHFd,spotify:track:0P4JXKTcmdslasjPfRJHFd,https://api.spotify.com/v1/tracks/0P4JXKTcmdslasjPfRJHFd,https://api.spotify.com/v1/audio-analysis/0P4JXKTcmdslasjPfRJHFd,125000,4
0.502,0.855,6,-7.369,0,0.147,0.241,0.00034,0.394,0.205,129.941,audio_features,601t2n02tUmzUMtPC8atOi,spotify:track:601t2n02tUmzUMtPC8atOi,https://api.spotify.com/v1/tracks/601t2n02tUmzUMtPC8atOi,https://api.spotify.com/v1/audio-analysis/601t2n02tUmzUMtPC8atOi,206560,4
0.574,0.556,6,-10.102,1,0.0328,0.337,2.19e-05,0.0905,0.1,94.995,audio_features,6tMKCTkjDvlp8A8DmFTZFG,spotify:track:6tMKCTkjDvlp8A8DmFTZFG,https://api.spotify.com/v1/tracks/6tMKCTkjDvlp8A8DmFTZFG,https://api.spotify.com/v1/audio-analysis/6tMKCTkjDvlp8A8DmFTZFG,193640,4
0.416,0.761,10,-8.462,1,0.0428,0.00157,0.0451,0.17,0.368,133.911,audio_features,0IbJ4pqIP5x3cHIX2AvRGz,spotify:track:0IbJ4pqIP5x3cHIX2AvRGz,https://api.spotify.com/v1/tracks/0IbJ4pqIP5x3cHIX2AvRGz,https://api.spotify.com/v1/audio-analysis/0IbJ4pqIP5x3cHIX2AvRGz,260200,4
0.611,0.477,2,-9.318,1,0.0348,0.438,2.1e-05,0.23,0.0392,133.932,audio_features,5ULtKwxQV93wjyh0x8Zcaq,spotify:track:5ULtKwxQV93wjyh0x8Zcaq,https://api.spotify.com/v1/tracks/5ULtKwxQV93wjyh0x8Zcaq,https://api.spotify.com/v1/audio-analysis/5ULtKwxQV93wjyh0x8Zcaq,223013,4
0.456,0.948,0,-4.784,0,0.0731,9.1e-05,0.00128,0.156,0.449,150.032,audio_features,7kJeigfhaGw93yCUnCa5uO,spotify:track:7kJeigfhaGw93yCUnCa5uO,https://api.spotify.com/v1/tracks/7kJeigfhaGw93yCUnCa5uO,https://api.spotify.com/v1/audio-analysis/7kJeigfhaGw93yCUnCa5uO,184000,4
0.563,0.592,0,-12.65,1,0.0307,0.0775,4.7e-05,0.205,0.494,133.97,audio_features,0bKRE5gFjyTWdVe0kFO1EI,spotify:track:0bKRE5gFjyTWdVe0kFO1EI,https://api.spotify.com/v1/tracks/0bKRE5gFjyTWdVe0kFO1EI,https://api.spotify.com/v1/audio-analysis/0bKRE5gFjyTWdVe0kFO1EI,218986,4
0.497,0.942,4,-7.24,0,0.0625,0.0179,0.556,0.245,0.532,143.833,audio_features,2553RIVeLgIhJMLc50tiOe,spotify:track:2553RIVeLgIhJMLc50tiOe,https://api.spotify.com/v1/tracks/2553RIVeLgIhJMLc50tiOe,https://api.spotify.com/v1/audio-analysis/2553RIVeLgIhJMLc50tiOe,231133,4
0.64,0.641,0,-5.839,1,0.0327,0.192,0.0,0.361,0.433,79.964,audio_features,6iOZ51vV2cOitHEcwbiqPS,spotify:track:6iOZ51vV2cOitHEcwbiqPS,https://api.spotify.com/v1/tracks/6iOZ51vV2cOitHEcwbiqPS,https://api.spotify.com/v1/audio-analysis/6iOZ51vV2cOitHEcwbiqPS,195153,4
0.792,0.362,9,-9.444,1,0.0522,0.0612,0.00404,0.108,0.337,119.967,audio_features,4n4sP6IsWHXd41JQsSreMy,spotify:track:4n4sP6IsWHXd41JQsSreMy,https://api.spotify.com/v1/tracks/4n4sP6IsWHXd41JQsSreMy,https://api.spotify.com/v1/audio-analysis/4n4sP6IsWHXd41JQsSreMy,111629,4
0.545,0.785,2,-4.86,1,0.0338,0.0174,7.52e-05,0.0579,0.66,95.004,audio_features,4Vwe81G76J3A5yIW9HuJc2,spotify:track:4Vwe81G76J3A5yIW9HuJc2,https://api.spotify.com/v1/tracks/4Vwe81G76J3A5yIW9HuJc2,https://api.spotify.com/v1/audio-analysis/4Vwe81G76J3A5yIW9HuJc2,237842,4
0.609,0.365,10,-8.625,0,0.0284,0.211,0.000222,0.128,0.576,145.179,audio_features,52JI0KFFO2WcDRnn0Zx8Qb,spotify:track:52JI0KFFO2WcDRnn0Zx8Qb,https://api.spotify.com/v1/tracks/52JI0KFFO2WcDRnn0Zx8Qb,https://api.spotify.com/v1/audio-analysis/52JI0KFFO2WcDRnn0Zx8Qb,130965,4
0.744,0.636,4,-5.228,1,0.0277,0.104,1.32e-05,0.0785,0.932,94.994,audio_features,1XpfkdTWVqGnstBoAxyTjx,spotify:track:1XpfkdTWVqGnstBoAxyTjx,https://api.spotify.com/v1/tracks/1XpfkdTWVqGnstBoAxyTjx,https://api.spotify.com/v1/audio-analysis/1XpfkdTWVqGnstBoAxyTjx,232281,4
0.544,0.173,9,-10.787,0,0.048,0.909,8.82e-05,0.156,0.151,139.568,audio_features,37OncbdYIH17LClQc6upxP,spotify:track:37OncbdYIH17LClQc6upxP,https://api.spotify.com/v1/tracks/37OncbdYIH17LClQc6upxP,https://api.spotify.com/v1/audio-analysis/37OncbdYIH17LClQc6upxP,195049,4
0.581,0.647,11,-7.0,0,0.0291,0.0341,0.000326,0.126,0.552,104.87,audio_features,0Eh15hCNgj7GmOmRXDYYLf,spotify:track:0Eh15hCNgj7GmOmRXDYYLf,https://api.spotify.com/v1/tracks/0Eh15hCNgj7GmOmRXDYYLf,https://api.spotify.com/v1/audio-analysis/0Eh15hCNgj7GmOmRXDYYLf,194976,3
0.755,0.634,11,-5.906,1,0.0251,0.538,1.12e-06,0.061,0.462,126.955,audio_features,4xEfFMfnkO3fT68lp5AcWi,spotify:track:4xEfFMfnkO3fT68lp5AcWi,https://api.spotify.com/v1/tracks/4xEfFMfnkO3fT68lp5AcWi,https://api.spotify.com/v1/audio-analysis/4xEfFMfnkO3fT68lp5AcWi,272423,4
0.669,0.375,1,-8.196,1,0.0305,0.749,5.31e-06,0.123,0.419,82.512,audio_features,7sssTCZc5AuqhFvYZScsDt,spotify:track:7sssTCZc5AuqhFvYZScsDt,https://api.spotify.com/v1/tracks/7sssTCZc5AuqhFvYZScsDt,https://api.spotify.com/v1/audio-analysis/7sssTCZc5AuqhFvYZScsDt,185455,4
0.571,0.713,10,-5.751,1,0.0397,0.0953,1.11e-06,0.0798,0.587,94.989,audio_features,0R4L5mu0J1wBg4pCnjHT6n,spotify:track:0R4L5mu0J1wBg4pCnjHT6n,https://api.spotify.com/v1/tracks/0R4L5mu0J1wBg4pCnjHT6n,https://api.spotify.com/v1/audio-analysis/0R4L5mu0J1wBg4pCnjHT6n,145706,4
0.596,0.579,2,-6.701,1,0.0317,0.0567,0.000272,0.117,0.275,132.936,audio_features,5dyuhJ5KcXG3ll966Sw35P,spotify:track:5dyuhJ5KcXG3ll966Sw35P,https://api.spotify.com/v1/tracks/5dyuhJ5KcXG3ll966Sw35P,https://api.spotify.com/v1/audio-analysis/5dyuhJ5KcXG3ll966Sw35P,234381,4
0.501,0.737,6,-4.506,1,0.0413,0.00689,0.0,0.0684,0.497,150.05,audio_features,0JutI7TFCx0F6PnSeNUv9C,spotify:track:0JutI7TFCx0F6PnSeNUv9C,https://api.spotify.com/v1/tracks/0JutI7TFCx0F6PnSeNUv9C,https://api.spotify.com/v1/audio-analysis/0JutI7TFCx0F6PnSeNUv9C,225868,4
0.598,0.56,10,-8.943,1,0.0287,0.0308,0.85,0.109,0.0817,122.987,audio_features,5rMqpXOIVdZVzmYNJctvHB,spotify:track:5rMqpXOIVdZVzmYNJctvHB,https://api.spotify.com/v1/tracks/5rMqpXOIVdZVzmYNJctvHB,https://api.spotify.com/v1/audio-analysis/5rMqpXOIVdZVzmYNJctvHB,251316,4
0.515,0.521,5,-6.476,1,0.0299,0.0807,0.0,0.1,0.424,135.028,audio_features,2xQW9DXdnE1nW5sxlHZyLy,spotify:track:2xQW9DXdnE1nW5sxlHZyLy,https://api.spotify.com/v1/tracks/2xQW9DXdnE1nW5sxlHZyLy,https://api.spotify.com/v1/audio-analysis/2xQW9DXdnE1nW5sxlHZyLy,260662,4
0.555,0.465,7,-6.307,1,0.0297,0.271,2.53e-06,0.0944,0.463,162.972,audio_features,08UY8Nq7ZBvQLe8MSvE58i,spotify:track:08UY8Nq7ZBvQLe8MSvE58i,https://api.spotify.com/v1/tracks/08UY8Nq7ZBvQLe8MSvE58i,https://api.spotify.com/v1/audio-analysis/08UY8Nq7ZBvQLe8MSvE58i,198524,3
0.624,0.69,4,-5.926,1,0.0397,0.01,0.00015,0.211,0.587,160.011,audio_features,4acYed93farqdllt3dZquX,spotify:track:4acYed93farqdllt3dZquX,https://api.spotify.com/v1/tracks/4acYed93farqdllt3dZquX,https://api.spotify.com/v1/audio-analysis/4acYed93farqdllt3dZquX,221058,4
0.656,0.743,0,-7.723,1,0.0469,0.0305,0.000362,0.108,0.572,104.978,audio_features,46sZriG8yT184cuRxO5Vzv,spotify:track:46sZriG8yT184cuRxO5Vzv,https://api.spotify.com/v1/tracks/46sZriG8yT184cuRxO5Vzv,https://api.spotify.com/v1/audio-analysis/46sZriG8yT184cuRxO5Vzv,299609,4
0.508,0.607,2,-6.132,1,0.0298,0.0396,2.53e-06,0.134,0.339,75.0,audio_features,3y5BNYALfUZ6ZjN2Ui7kvY,spotify:track:3y5BNYALfUZ6ZjN2Ui7kvY,https://api.spotify.com/v1/tracks/3y5BNYALfUZ6ZjN2Ui7kvY,https://api.spotify.com/v1/audio-analysis/3y5BNYALfUZ6ZjN2Ui7kvY,215830,4
0.63,0.574,1,-6.956,1,0.0323,0.734,8.11e-05,0.0769,0.24,119.904,audio_features,23jkzDQmrzuvocUApxRR9C,spotify:track:23jkzDQmrzuvocUApxRR9C,https://api.spotify.com/v1/tracks/23jkzDQmrzuvocUApxRR9C,https://api.spotify.com/v1/audio-analysis/23jkzDQmrzuvocUApxRR9C,205784,4
0.64,0.291,9,-10.295,1,0.0275,0.824,0.000727,0.155,0.192,105.0,audio_features,6swgWHJ1A10QQmuMRgG4H4,spotify:track:6swgWHJ1A10QQmuMRgG4H4,https://api.spotify.com/v1/tracks/6swgWHJ1A10QQmuMRgG4H4,https://api.spotify.com/v1/audio-analysis/6swgWHJ1A10QQmuMRgG4H4,214000,4
0.498,0.47,5,-8.43,1,0.031,0.0578,1.39e-05,0.0757,0.228,169.884,audio_features,5JZxo55Tr9pr2CMGMx5Bs5,spotify:track:5JZxo55Tr9pr2CMGMx5Bs5,https://api.spotify.com/v1/tracks/5JZxo55Tr9pr2CMGMx5Bs5,https://api.spotify.com/v1/audio-analysis/5JZxo55Tr9pr2CMGMx5Bs5,238337,4
0.539,0.806,11,-5.398,0,0.0405,0.00105,0.00627,0.361,0.302,150.012,audio_features,1ixs3sJKlblenOlAImDMDl,spotify:track:1ixs3sJKlblenOlAImDMDl,https://api.spotify.com/v1/tracks/1ixs3sJKlblenOlAImDMDl,https://api.spotify.com/v1/audio-analysis/1ixs3sJKlblenOlAImDMDl,190093,4
0.725,0.535,0,-6.244,1,0.0232,0.443,0.000951,0.241,0.492,129.97,audio_features,74JnHwGT40Vtp7WmVyRlYV,spotify:track:74JnHwGT40Vtp7WmVyRlYV,https://api.spotify.com/v1/tracks/74JnHwGT40Vtp7WmVyRlYV,https://api.spotify.com/v1/audio-analysis/74JnHwGT40Vtp7WmVyRlYV,242216,4
0.657,0.475,11,-6.758,1,0.0306,0.297,3.28e-05,0.13,0.419,145.044,audio_features,0dXPg4ixOlJpu5KPHcrrRL,spotify:track:0dXPg4ixOlJpu5KPHcrrRL,https://api.spotify.com/v1/tracks/0dXPg4ixOlJpu5KPHcrrRL,https://api.spotify.com/v1/audio-analysis/0dXPg4ixOlJpu5KPHcrrRL,172170,4
0.637,0.58,10,-8.751,1,0.0243,0.357,4.99e-05,0.105,0.442,91.514,audio_features,6x5wmBvorikBS8ZDlRWiFA,spotify:track:6x5wmBvorikBS8ZDlRWiFA,https://api.spotify.com/v1/tracks/6x5wmBvorikBS8ZDlRWiFA,https://api.spotify.com/v1/audio-analysis/6x5wmBvorikBS8ZDlRWiFA,212214,4
0.548,0.76,6,-7.8,0,0.0484,0.0162,0.558,0.106,0.0379,128.0,audio_features,6pZyiO7HBTW4t2I0VaJvkB,spotify:track:6pZyiO7HBTW4t2I0VaJvkB,https://api.spotify.com/v1/tracks/6pZyiO7HBTW4t2I0VaJvkB,https://api.spotify.com/v1/audio-analysis/6pZyiO7HBTW4t2I0VaJvkB,230480,4
0.395,0.948,0,-3.934,1,0.154,0.0454,3.49e-06,0.0725,0.215,138.245,audio_features,6rnaJiT2Xpol7YDB7qTqcV,spotify:track:6rnaJiT2Xpol7YDB7qTqcV,https://api.spotify.com/v1/tracks/6rnaJiT2Xpol7YDB7qTqcV,https://api.spotify.com/v1/audio-analysis/6rnaJiT2Xpol7YDB7qTqcV,195240,4
0.48,0.873,1,-6.005,0,0.0466,0.0422,0.006,0.106,0.356,138.104,audio_features,5oMr12cKRKR4hSqFO7GE8h,spotify:track:5oMr12cKRKR4hSqFO7GE8h,https://api.spotify.com/v1/tracks/5oMr12cKRKR4hSqFO7GE8h,https://api.spotify.com/v1/audio-analysis/5oMr12cKRKR4hSqFO7GE8h,227747,4
0.638,0.519,7,-7.874,1,0.0294,0.638,0.0298,0.0535,0.496,98.004,audio_features,042TCux8bEdyxXNsWVHxIJ,spotify:track:042TCux8bEdyxXNsWVHxIJ,https://api.spotify.com/v1/tracks/042TCux8bEdyxXNsWVHxIJ,https://api.spotify.com/v1/audio-analysis/042TCux8bEdyxXNsWVHxIJ,214898,3
0.697,0.609,11,-7.697,0,0.0295,0.135,0.514,0.0864,0.606,135.017,audio_features,3Sod0B0qcUXVeVtkfQtevL,spotify:track:3Sod0B0qcUXVeVtkfQtevL,https://api.spotify.com/v1/tracks/3Sod0B0qcUXVeVtkfQtevL,https://api.spotify.com/v1/audio-analysis/3Sod0B0qcUXVeVtkfQtevL,274683,4
0.653,0.714,4,-9.749,0,0.0379,0.37,0.263,0.282,0.56,89.99,audio_features,3G13dRiUAJmEiz8DOnIfQw,spotify:track:3G13dRiUAJmEiz8DOnIfQw,https://api.spotify.com/v1/tracks/3G13dRiUAJmEiz8DOnIfQw,https://api.spotify.com/v1/audio-analysis/3G13dRiUAJmEiz8DOnIfQw,224016,4
0.388,0.155,6,-11.796,1,0.0393,0.939,7.57e-06,0.0997,0.0832,125.727,audio_features,11tMtdTaW8OoZOL0O0QaR8,spotify:track:11tMtdTaW8OoZOL0O0QaR8,https://api.spotify.com/v1/tracks/11tMtdTaW8OoZOL0O0QaR8,https://api.spotify.com/v1/audio-analysis/11tMtdTaW8OoZOL0O0QaR8,263049,4
